WKT,nama,deskripsi
"POLYGON ((106.8026913 -6.3230489, 106.7590893 -6.3878794, 106.7937649 -6.401868, 106.779002 -6.4271149, 106.8356503 -6.4373497, 106.8205441 -6.401868, 106.8287838 -6.365019, 106.8188275 -6.3663839, 106.7868985 -6.3646778, 106.8026913 -6.3230489))",Kota Administrasi Depok, Jawa Barat,
